459320014;Müncheberg, Bahnhof;52.52440500;14.10089900
50527401;Schönow (UM), Bahnhof;53.18491700;14.15387300
5091401;Gollmitz (UM), Dorf;53.29710100;13.72434900
5100035;Legnica (PL);51.21401000;16.16882200
5100057;Szczecin, Glowny;53.41815500;14.54920400
5100069;Wroclaw (PL), Glowny;51.09602300;17.03665300
5100082;Rzepin (PL), Bahnhof;52.35022000;14.81512300
5100096;Czerwiensk (PL), Bahnhof;52.01526800;15.41217000
5100145;Szczecin, Gumience;53.39779000;14.49515900
5100159;Zasieki (PL);51.73551600;14.66914600
5100211;Zagan (PL), Bahnhof;51.60409200;15.31492900
5100222;Zielona Gora (PL), Bahnhof;51.94743100;15.51375200
5100242;Tuplice (PL);51.67162600;14.83762100
5100243;Zary (PL);51.63466900;15.13789600
5100319;Bedow (PL), Bahnhof;52.07241100;15.31352200
5100600;Budachow (PL), Bahnhof;52.15328700;15.08153400
5100649;Bytnica (PL), Bahnhof;52.13119100;15.14808400
5101171;Gadkow Wielki (PL), Bahnhof;52.24621500;14.96349700
5101436;Jerzmanice Lubuskie (PL), Bahnhof;52.30652700;14.86752000
5101998;Leszno Gorne;51.46734200;15.61568200
5102094;Lipinki Luzyckie (PL);51.64880000;15.00862400
5102184;Malomice (PL);51.54982500;15.44706400
5102263;Milkowice;51.25554900;16.05413900
5102265;Miekinia;51.18837000;16.73791700
5102278;Malczyce;51.21555700;16.48551600
5102311;Modla;51.37653400;15.81082200
5102487;Nietkowice (PL), Bahnhof;52.05707200;15.35194100
5102801;Pliszka (PL), Bahnhof;52.20462400;15.01644600
5102886;Przylep (PL), Bahnhof;51.97808900;15.43901400
5103063;Radnica (PL), Bahnhof;52.09019000;15.26898000
5103142;Rokitki;51.33608800;15.89261900
5103420;Sieniawa Zarska (PL);51.63655200;15.06222700
5103571;Sroda Slaska;51.18954200;16.60566100
5103854;Tuplice Debinka (PL);51.66610100;14.91051800
5103949;Wierzbowa Slaska;51.39769900;15.75667100
5104127;Wroclaw Nowy Dwor;51.11992300;16.95439400
5104130;Wroclaw Muchobor;51.11160000;16.97409400
5104133;Wroclaw Lesnica;51.14250900;16.86658100
719550013;Görlitz, Bahnhof;51.14681400;14.97873700
719950005;Schwerin, Bahnhof Mitte;53.62680400;11.40531000
8000237;Lübeck, Hauptbahnhof;53.86761300;10.67041100
8003774;Lübeck St Jürgen;53.84232100;10.70294200
8010004;Angermünde, Bahnhof;53.01541600;13.99711600
8010018;Bad Kleinen, Bahnhof;53.76665100;11.46578800
8010031;Bad Belzig, Bahnhof;52.13625900;12.59523000
8010036;S+U Lichtenberg Bhf (Berlin);52.51067200;13.49835900
8010041;S Schöneweide Bhf (Berlin);52.45461100;13.51014900
8010042;Schönefeld Bahnhof (Berlin);52.377947;13.4249994
8010047;Biederitz, Bahnhof;52.15308200;11.71687000
8010051;Blankenberg(Meckl);53.77230500;11.71529000
8010053;S Blankenfelde (TF) Bhf;52.33762800;13.41590800
8010060;Brandenburg, Hauptbahnhof;52.40079400;12.56603600
8010064;Britz, Bahnhof;52.87293200;13.82054900
8010066;Bützow;53.83711400;11.99819400
8010069;Calau, Bahnhof;51.73822800;13.98010600
8010072;Coswig (bei Dresden), Bahnhof;51.12281600;13.57933600
8010073;Cottbus, Hauptbahnhof;51.75037300;14.32517000
8010077;Dessau, Hauptbahnhof;51.83892500;12.23414700
8010079;Doberlug-Kirchhain, Bahnhof;51.62061100;13.56418700
8010085;Dresden, Hauptbahnhof;51.04072300;13.73219500
8010089;Dresden, Bahnhof Neustadt;51.06528200;13.73834800
8010093;Eberswalde, Hauptbahnhof;52.83388700;13.79694800
8010095;Eilenburg, Bahnhof;51.45200600;12.63684500
8010099;Elsterwerda, Bahnhof;51.45980300;13.51641200
8010100;Elsterwerda-Biehla, Bahnhof;51.47226200;13.51954000
8010103;Falkenberg/E., Bahnhof;51.58318700;13.24759100
8010111;Forst, Bahnhof;51.73924900;14.63764000
8010113;Frankfurt (Oder), Bahnhof;52.33670900;14.54714700
8010120;Fürstenwalde, Bahnhof;52.36702900;14.05961800
8010123;Genthin, Bahnhof;52.40323400;12.15653900
8010139;Greifswald, Bahnhof;54.09295500;13.37042600
8010141;Grevesmühlen;53.85746800;11.18471200
8010151;Güsen, Bahnhof;52.33430000;11.97654000
8010153;Güstrow, Bahnhof;53.80037300;12.17252200
8010161;Eilenburg, Bahnhof Ost;51.46349900;12.66802900
8010175;Neuruppin, Rheinsberger Tor Bhf;52.92919700;12.81111300
8010179;Jatznick, Bahnhof;53.60307300;13.93765000
8010182;Jüterbog, Bahnhof;51.99756400;13.05487100
8010183;Sedlitz, Ost Bhf;51.55341700;14.05535700
8010193;S Königs Wusterhausen Bhf;52.29671900;13.63153400
8010199;Lalendorf, Bahnhof;53.75505800;12.38634400
8010201;Langhagen, Bahnhof;53.68093600;12.42521000
8010205;Leipzig, Hauptbahnhof;51.34481700;12.38132100
8010213;Löcknitz, Bahnhof;53.45606600;14.21543100
8010214;Löwenberg (Mark), Bahnhof;52.89696200;13.18986200
8010215;Ludwigsfelde, Bahnhof;52.29921100;13.26760100
8010217;Lübben, Bahnhof;51.94072300;13.87692400
8010220;Lübbenau, Bahnhof;51.86211400;13.96217300
8010222;Lutherstadt Wittenberg, Hauptbahnhof;51.86753600;12.66199700
8010224;Magdeburg, Hauptbahnhof;52.13019600;11.62743900
8010226;Magdeburg-Neustadt, Bahnhof;52.14892400;11.64180500
8010227;Malchin;53.74341700;12.76104100
8010233;Michendorf, Bahnhof;52.31636300;13.03062000
8010239;Nauen, Bahnhof;52.61233500;12.88515600
8010241;Neubrandenburg, Bahnhof;53.56185200;13.26144100
8010246;Neuruppin, West Bhf;52.92659600;12.79444100
8010248;Neustadt (Dosse), Bahnhof;52.85312500;12.45012300
8010250;Neustrelitz, Hauptbahnhof;53.35930900;13.07459800
8010255;S Ostbahnhof (Berlin);52.51033100;13.43508600
8010268;Pasewalk, Bahnhof;53.51501000;13.98881100
8010269;Pasewalk Ost;53.50682000;14.02729000
8010279;Potsdam, Pirschheide Bhf;52.37390900;13.01083600
8010280;Potsdam, Charlottenhof Bhf;52.39276800;13.03568200
8010282;Prenzlau, Bahnhof;53.32161400;13.86655800
8010284;Priemerburg;53.79597900;12.22302200
8010285;Priestewitz, Bahnhof;51.25071400;13.50871600
8010287;Pritzwalk, Bahnhof;53.14631700;12.18388300
8010302;Roßlau, Bahnhof;51.88398300;12.23693800
8010304;Rostock, Hauptbahnhof;54.07829600;12.13098900
8010308;Ruhland, Bahnhof;51.45544900;13.86969700
8010322;Schwaan, Bahnhof;53.93927800;12.11772900
8010324;Schwerin, Hauptbahnhof;53.63526100;11.40752000
8010327;Senftenberg, Bahnhof;51.52679000;14.00397700
8010338;Stralsund, Hauptbahnhof;54.30875700;13.07768800
8010339;Strasburg, Bahnhof;53.51470700;13.74783400
8010348;Teterow;53.76843700;12.57796600
8010351;Torgau, Bahnhof;51.56277900;12.99140400
8010353;Luckau-Uckro, Bahnhof;51.85212700;13.60774000
8010357;Guben, Bahnhof;51.95765400;14.70703700
8010361;Waren (Müritz), Bahnhof;53.52145400;12.68078400
8010373;Werder (Havel), Bahnhof;52.39278600;12.92691400
8010376;Wiesenburg, Bahnhof;52.09887300;12.42962400
8010377;Potsdam, Park Sanssouci Bhf;52.39405200;13.01516500
8010378;Wilhelmshorst, Bahnhof;52.33154200;13.06738400
8010382;Wittenberge, Bahnhof;53.00237100;11.76320500
8010384;Wittstock (Dosse), Bahnhof;53.16100000;12.47852400
8010389;Wustermark, Bahnhof;52.55150100;12.93823200
8010392;Zinnowitz, Bahnhof;54.07556400;13.90335700
8010395;Zossen, Bahnhof;52.21885500;13.43858600
8010396;Züssow, Bahnhof;53.97388100;13.54819200
8010399;Fürstenberg (Havel), Bahnhof;53.18649700;13.13980500
8010403;S Charlottenburg Bhf (Berlin);52.50473200;13.30386200
8010404;S Spandau Bhf (Berlin);52.53479800;13.19747700
8010405;S Wannsee Bhf (Berlin);52.42169800;13.17892800
8010406;S+U Zoologischer Garten Bhf (Berlin);52.50692100;13.33270700
8011016;Altdöbern, Bahnhof;51.65256000;14.00934700
8011025;Altentreptow, Bahnhof;53.69205000;13.24274500
8011041;S Lichterfelde Ost Bhf (Berlin);52.42929400;13.32774900
8011044;Anklam, Bahnhof;53.85616800;13.70165400
8011048;Annaburg, Bhf;51.72867800;13.03275000
8011078;Bad Liebenwerda, Bahnhof;51.51840600;13.40270400
8011098;Bahnsdorf (OSL), Bahnhof;51.58172800;14.11230200
8011100;Baitz, Bahnhof;52.16394500;12.68381900
8011102;S+U Gesundbrunnen Bhf (Berlin);52.54863700;13.38837200
8011108;Bannemin-Mölschow, Bahnhof;54.07144600;13.83654000
8011109;Bansin, Bahnhof Seebad;53.96411700;14.13099300
8011113;S Südkreuz Bhf (Berlin);52.47546800;13.36557900
8011116;Baruth, Bahnhof;52.05845400;13.51167600
8011118;S+U Potsdamer Platz Bhf (Berlin);52.50935800;13.37654700
8011125;Beetz-Sommerfeld, Bahnhof;52.80437800;13.02157600
8011131;Beilrode, Bahnhof;51.57101500;13.06492800
8011154;Berkenbrück (LOS), Bahnhof;52.35718500;14.16522600
8011155;S+U Alexanderplatz Bhf (Berlin);52.52151200;13.41126700
8011160;S+U Berlin Hauptbahnhof;52.52560500;13.36907500
8011167;S+U Jungfernheide Bhf (Berlin);52.53043100;13.30013500
8011173;Bestensee, Bahnhof;52.24228300;13.63453600
8011179;Beutersitz, Bahnhof;51.59009600;13.36062700
8011188;Biesenthal, Bahnhof;52.75553400;13.67475800
8011201;Flughafen BER - Terminal 1-2;52.36448100;13.50976900
8011210;Blönsdorf, Bahnhof;51.95551400;12.89580600
8011213;Blumenhagen (bei Pasewalk), Bahnhof;53.52838500;13.87295800
8011214;Blumenthal, Bahnhof;53.07654900;12.33396200
8011215;Bobitz;53.80453400;11.36280000
8011225;Bölzke, Bahnhof;53.10741700;12.26950100
8011238;Borkheide, Bahnhof;52.23084400;12.85463000
8011250;Brand, Tropical Islands Bhf;52.02992200;13.72158200
8011269;Briesen (Mark), Bahnhof;52.34649500;14.28134200
8011271;Brück, Bahnhof;52.18709300;12.75837400
8011273;Brügge, Bahnhof;53.25673800;12.22904300
8011286;Buddenhagen;54.00156100;13.68228000
8011290;Bülzig, Bahnhof;51.89487200;12.75255300
8011293;Burg Stargard(Meckl), Bahnhof;53.49976200;13.30316500
8011294;Burg (bei Magdeburg), Bahnhof;52.27489200;11.84172600
8011306;S+U Friedrichstr. Bhf (Berlin);52.52052100;13.38645000
8011307;Cammin(Meckl), Bahnhof;53.43903800;13.29965000
8011308;Caputh-Geltow, Bahnhof;52.35034500;12.98444700
8011311;Casekow, Bahnhof;53.21343500;14.20784000
8011314;Chorin, Bahnhof;52.90355100;13.86972400
8011318;Cottbus, Sandow Bhf;51.75511800;14.35351300
8011319;Coschen, Bahnhof;52.02038700;14.71875100
8011320;Cossebaude, Bahnhof;51.08512500;13.63154600
8011322;Coswig (Anhalt), Bahnhof;51.88791200;12.45808000
8011334;Dabendorf, Bahnhof;52.23725500;13.43735500
8011340;Dahlewitz, Bahnhof;52.32665200;13.42050500
8011344;Dannenwalde (bei Gransee), Bahnhof;53.08139100;13.18073700
8011356;Demmin, Bahnhof;53.90118300;13.05406500
8011387;Doberschütz, Bahnhof;51.49212000;12.74524900
8011408;Dossow, Bahnhof;53.12032800;12.52239400
8011409;Drahnsdorf, Bahnhof;51.91565100;13.58139400
8011414;Drebkau, Bahnhof;51.65516600;14.22316200
8011419;Dresden-Cotta, Bahnhof;51.06215800;13.68337900
8011421;Dresden-Kemnitz, Bahnhof;51.07279700;13.66933900
8011425;Dresden-Stetzsch, Bahnhof;51.08082500;13.65094600
8011430;Potsdam, Medienstadt Babelsberg Bhf;52.38288700;13.12193800
8011438;Ducherow, Bahnhof;53.76618000;13.79606400
8011456;Eggesin;53.68182500;14.07304600
8011471;Eisenhüttenstadt, Bahnhof;52.14780300;14.65832600
8011481;Elmenhorst, Bahnhof;54.21011800;13.07389100
8011486;Elster (Elbe), Bahnhof;51.83254300;12.82715200
8011533;Grünheide, Fangschleuse Bhf;52.40677600;13.82342900
8011536;Ferdinandshof, Bahnhof;53.65964600;13.88231700
8011537;Fermerswalde, Bahnhof;51.64278800;13.17415200
8011540;Brieskow-Finkenheerd, Finkenheerd Bhf;52.24926300;14.56870000
8011541;Finkenkrug Bhf;52.56976800;13.05081900
8011542;Finsterwalde, Bahnhof;51.63696600;13.71031800
8011563;Frauenhain, Bahnhof;51.38479800;13.50290900
8011572;Fretzdorf, Bahnhof;53.06495600;12.54594900
8011646;Gnevkow, Bahnhof;53.79334000;13.17432300
8011667;Gollmitz, Bahnhof;51.70467700;13.88683200
8011668;Golßen, Bahnhof;51.97415200;13.57506900
8011689;Grambow;53.41738100;14.34745700
8011691;Gransee, Bahnhof;53.00109400;13.16656700
8011694;Greifswald, Bahnhof Süd;54.07611400;13.39726600
8011695;S Griebnitzsee Bhf;52.39394500;13.12880800
8011702;Grieben(Meckl);53.85123300;11.06856900
8011703;Griebo, Bhf;51.88056800;12.52296300
8011707;Grimmen, Bahnhof;54.10988600;13.03386600
8011723;Groß Kiesow, Bahnhof;54.01372000;13.48062200
8011730;Groß Pankow, Bahnhof;53.12291200;12.04730500
8011740;Großbeeren, Bahnhof;52.35002500;13.28436200
8011749;Großenhain, Cottbuser Bahnhof;51.29166800;13.52399400
8011756;Großräschen, Bahnhof;51.59148600;14.01499300
8011805;Halbe, Bahnhof;52.10814600;13.70201600
8011818;Hangelsberg, Bahnhof;52.40018700;13.92131400
8011848;Heiligengrabe, Bahnhof;53.15006600;12.34244600
8011864;Herrnburg;53.83770700;10.76000800
8011867;Herzberg (Elster), Bahnhof;51.67958700;13.20303400
8011889;Hohendorf;54.02727000;13.73026800
8011894;Hohenleipisch, Bahnhof;51.49283000;13.56507500
8011901;S Hohenschönhausen Bhf (Berlin);52.56607400;13.51261100
8011909;Holzdorf, Bahnhof;51.78027100;13.11416200
8011940;Jacobsdorf (Mark), Bahnhof;52.33267400;14.35567300
8011944;Jänschwalde, Bahnhof;51.86644500;14.50137500
8011945;Jänschwalde, Ost Bhf;51.87770500;14.54100900
8011952;Jeber-Bergfrieden, Bahnhof;51.98466700;12.34960800
8011960;Jessen (Elster), Bahnhof;51.79271400;12.95448000
8011991;Karlsburg;53.98244700;13.60980200
8011992;Karlshagen;54.11675500;13.83143000
8012006;Kerkwitz, Bahnhof;51.90947500;14.62725000
8012011;Brandenburg, Kirchmöser Bhf;52.37535000;12.42242200
8012016;Klasdorf-Glashütte, Bahnhof;52.02184400;13.54305800
8012021;Klein Bünzow, Bahnhof;53.92366000;13.62243500
8012040;Klieken, Bhf;51.89451800;12.37175700
8012065;Kölpinsee, Bahnhof;54.03528700;14.02290500
8012084;Kolkwitz, Süd Bhf;51.74684600;14.24156000
8012086;Koserow, Bahnhof;54.04530700;13.99923600
8012089;Brieskow-Finkenheerd, Kraftwerk Finkenheerd Bhf;52.26326900;14.57566300
8012096;Kremmen, Bahnhof;52.75316200;13.03956100
8012142;Kyritz, Bahnhof;52.94218800;12.39129500
8012145;Lampertswalde, Bahnhof;51.30850200;13.68049200
8012169;Lauchhammer, Bahnhof;51.47440100;13.74397000
8012215;Leuthen, Bahnhof;51.69504300;14.25605100
8012226;Liebenthal (OPR), Bahnhof;53.15087500;12.39414900
8012233;Linda (Elster), Bahnhof;51.85269800;13.08526900
8012253;Ludwigsfelde, Struveshof Bhf;52.31726900;13.23261200
8012257;Lubolz, Bahnhof;51.96240100;13.82131000
8012260;Luckenwalde, Bahnhof;52.09038200;13.16010800
8012264;Lübstorf, Bahnhof;53.72941500;11.41144100
8012268;Lüdersdorf(Meckl);53.83292400;10.81514300
8012282;Lutherstadt Wittenberg, Bhf Piesteritz;51.87193300;12.59623000
8012315;Potsdam, Marquardt Bhf;52.45839600;12.97190800
8012329;Melchow, Bahnhof;52.77517400;13.69463100
8012341;Cottbus, Merzdorf Bhf;51.76892700;14.36659200
8012348;Meyenburg, Bahnhof;53.31135400;12.24651900
8012358;Miltzow, Bahnhof;54.19925900;13.20101100
8012371;Mockrehna, Bahnhof;51.50554700;12.81952800
8012376;Mölln(Meckl);53.58593900;13.08450700
8012393;Mühlanger, Bahnhof;51.85570400;12.74819800
8012418;Nechlin, Bahnhof;53.44504888;13.88901456
8012421;Neetzka;53.53351800;13.50083800
8012428;Netzeband, Bahnhof;52.99529100;12.62868500
8012436;Neu Wokern;53.76003300;12.50091600
8012445;Teichland, Bahnhof;51.81865200;14.42375200
8012458;Neuhof (bei Zossen), Bahnhof;52.13876900;13.47967200
8012469;Neupetershain, Bahnhof;51.60634000;14.16123000
8012479;Neuzelle, Bahnhof;52.09915100;14.64860300
8012482;Niederau, Bahnhof;51.17634700;13.56064300
8012487;Niedergörsdorf, Bahnhof;51.96787900;12.97849800
8012503;Niederwartha, Bahnhof;51.09495300;13.60603800
8012549;Oderin, Bahnhof;52.07521700;13.72691400
8012552;Oehna (bei Niedergörsdorf), Bahnhof;51.93213900;13.04858900
8012555;Oertzenhof;53.51808300;13.57311900
8012565;Ortrand, Bahnhof;51.37395000;13.76452700
8012611;Passow, Bahnhof;53.14834400;14.10076600
8012617;Peenemünde;54.13876200;13.77308400
8012621;Peitz, Ost Bhf;51.84407300;14.44894900
8012622;Perleberg, Bahnhof;53.07105100;11.85178400
8012627;Petershagen (UM), Bahnhof;53.24004300;14.25264100
8012636;Pillgram, Bahnhof;52.33690300;14.39796200
8012637;Pinnow (UM), Bahnhof;53.06558100;14.08994500
8012650;Plessa, Bahnhof;51.47085100;13.61689300
8012651;Plüschow;53.83706400;11.28584500
8012666;S Potsdam Hauptbahnhof;52.39166300;13.06617200
8012681;Prösen, Ost Bhf;51.42514400;13.50048000
8012713;Rangsdorf, Bahnhof;52.29412500;13.43111200
8012733;Potsdam, Rehbrücke Bhf;52.35814100;13.09800300
8012758;Reuterstadt Stavenhagen;53.70691900;12.91420000
8012792;Rosenwinkel, Bahnhof;53.03817100;12.34320600
8012816;Rückersdorf, Bahnhof;51.56782300;13.57423100
8012819;Rüdnitz, Bahnhof;52.71770300;13.63621900
8012839;Sandförde;53.56398100;13.97127300
8012842;Sarnow, Bahnhof;53.11743000;12.22965600
8012892;Schmollensee, Bahnhof;53.98227600;14.07724700
8012897;Luckaitztal, Bahnhof;51.68504800;14.00170600
8012902;Schönberg(Meckl);53.85338000;10.92787000
8012903;Schönborn, Bahnhof;51.60198900;13.46803600
8012918;Schönow (UM), Bahnhof;53.18491700;14.15387300
8012923;Schönwalde (Spreewald), Bahnhof;51.99149600;13.77671500
8012941;Schwarzheide, Ost Bhf;51.47377800;13.89100200
8012943;Schwedt, Bahnhof;53.06304400;14.29062600
8012957;Caputh, Schwielowsee Bhf;52.34103900;12.98058600
8012963;Seebad Heringsdorf, Bahnhof;53.94956800;14.17013400
8012968;Seehausen (UM), Bahnhof;53.22102900;13.88454900
8013017;Sponholz;53.56385400;13.36640100
8013021;Berlin, Staaken Bhf;52.53769900;13.14130900
8013051;Sternfeld, Bahnhof;53.82475000;13.15046300
8013090;Tantow, Bahnhof;53.27075500;14.35022200
8013093;Taucha (bei Leipzig), Bahnhof;51.37950300;12.48571300
8013109;Groß Köris, Bahnhof;52.15929800;13.65090600
8013123;Thyrow, Bahnhof;52.24715300;13.25996100
8013132;Trassenheide, Bahnhof;54.08143100;13.86904200
8013133;Trassenmoor;54.09104600;13.86781000
8013137;Trebbin, Bahnhof;52.21689800;13.22988800
8013160;Uebigau, Bahnhof;51.58542100;13.29654600
8013161;Ückeritz, Bahnhof;54.01392100;14.04980400
8013162;Ueckermünde;53.73392300;14.05408000
8013177;Utzedel, Bahnhof;53.86044500;13.11660500
8013185;Velten, Bahnhof;52.68501900;13.17193300
8013186;Ventschow;53.78720800;11.58001600
8013188;Vetschau, Bahnhof;51.78947100;14.08152900
8013210;Walddrehna, Bahnhof;51.77280700;13.61713400
8013222;Walsleben, Bahnhof;52.94654300;12.68011200
8013238;Warnitz, Bahnhof;53.18392900;13.87728100
8013258;Weisen, Bahnhof;53.02568500;11.78800200
8013267;Weinböhla Hp, Bahnhof;51.15911200;13.56147700
8013272;Wellmitz, Bahnhof;52.06469100;14.71489500
8013275;Lutherstadt Wittenberg, Bhf Labetz;51.87121900;12.69508200
8013305;Wiesenau, Bahnhof;52.23128600;14.58382300
8013313;Wilmersdorf (bei Angermünde), Bahnhof;53.11141200;13.89320700
8013322;Wittenhagen, Bahnhof;54.18581100;13.05708400
8013339;Wolgast, Bahnhof;54.04394600;13.76909400
8013340;Wolgast, Bahnhof Wolgast Hafen;54.05184600;13.77996600
8013341;Wolgaster Fähre, Bahnhof;54.05637800;13.79062200
8013345;Woltersdorf (Nuthe-Urstromtal), Bahnhof;52.11688500;13.19393300
8013350;Wünsdorf-Waldstadt, Bahnhof;52.16557000;13.46792100
8013352;Wüstenfelde, Bahnhof;54.23022400;13.13952700
8013363;Wusterhausen (Dosse), Bahnhof;52.88818800;12.45688900
8013365;Wusterwitz, Bahnhof;52.38527800;12.37299400
8013367;Wutike, Bahnhof;53.00422200;12.35282800
8013368;Zabeltitz, Bahnhof;51.34987500;13.51548900
8013371;Zahna, Bahnhof;51.91889200;12.77935000
8013373;Zarrendorf, Bahnhof;54.24075400;13.08002500
8013376;Zeesen, Bahnhof;52.26491900;13.63485700
8013384;Zellendorf, Bahnhof;51.89387600;13.06714400
8013385;Zempin, Bahnhof;54.06597400;13.95945600
8013393;Zerrenthin, Bahnhof;53.49939000;14.09789500
8013406;Ziltendorf, Bahnhof;52.19943300;14.61620700
8013418;Zörnigall, Bahnhof;51.88292500;12.73152700
8013444;Dresden, Bahnhof Mitte;51.05615600;13.72387000
8013467;Beelitz-Heilstätten, Bahnhof;52.26225500;12.92576600
8013470;S Bernau Bhf;52.67623300;13.59303400
8013472;Brieselang, Bahnhof;52.58259800;13.00128600
8013475;Dresden-Friedrichstadt, Bahnhof;51.05587800;13.70849800
8013477;S Erkner Bhf;52.42839600;13.75224900
8013479;Falkensee, Bahnhof;52.55971800;13.08955600
8013480;Ferch-Lienewitz, Bahnhof;52.30361900;12.96403800
8013481;Potsdam, Golm Bhf;52.41053700;12.97210000
8013483;S Hennigsdorf Bhf;52.63786700;13.20587400
8013487;S Oranienburg Bhf;52.75452800;13.24821300
8013489;Priort, Bahnhof;52.51556300;12.97131500
8013490;Radebeul-Naundorf, Bahnhof;51.11084900;13.59866400
8013492;Seddin (PM), Bahnhof;52.29178100;12.98475900
8017159;Kyritz, Am Bürgerpark Bhf;52.94895700;12.39026800
8017349;Neu Pudagla;54.00033600;14.06519800
8080040;Berlin, Albrechtshof Bhf;52.54933700;13.12915700
8080170;Ludwigsfelde, Birkengrund Bhf;52.31569400;13.27178200
8080190;S Birkenwerder Bhf;52.68857500;13.28873800
8080260;Dallgow-Döberitz, Bahnhof;52.54364200;13.05832500
8080370;Elstal, Bahnhof;52.54750400;13.00077400
8080710;Hohen Neuendorf, West Bhf;52.67243200;13.27127200
8081220;Saarmund, Bahnhof;52.32364900;13.13973800
8081586;Seegefeld, Bahnhof;52.55275700;13.11582700
8081688;Cottbus, Willmersdorf Nord Bhf;51.81646500;14.38561800
8087026;Seebad Heringsdorf, Bahnhof Neuhof;53.95276500;14.14825400
8087027;Stubbenfelde, Bahnhof;54.02868400;14.03291700
8089122;Forst(Gr);51.73637300;14.66188400
88888888801;Bad Schmiedeberg Bahnhof;51.68516000;12.73483000
88888888802;Havelberg;52.83088000;12.07552000
88888888803;Meißen;51.16470300;13.49601700
88888888804;Děčín;50.77255600;14.21276100
88888888806;Arneburg;52.67445400;12.00350220
88888888807;Tangermünde;52.54463000;11.97647000
88888888809;Boitzenburg;53.38153000;10.72375000
88888888810;Lauenburg;53.37199000;10.55654000
88888888812;Penkun;53.31718500;14.22015100
88888888813;Ahlbeck;53.93330000;14.20000000
88888888814;Grießen;51.85326100;14.58831800
88888888815;Lodenau;51.38110400;14.96028000
88888888816;Grömitz;54.14932600;10.95789600
88888888817;Scharbeutz;54.02249600;10.75441600
88888888818;Travemünde;53.99206400;10.77893900
88888888819;Boltenhagen;53.98539700;11.20843600
88888888820;Rerik;54.10729200;11.62233100
88888888821;Kühlungsborn;54.14685100;11.74200300
88888888822;Heiligendamm;54.14081000;11.84005500
88888888825;Dierhagen;54.29138900;12.36055600
88888888826;Wustrow;54.34869100;12.39626700
88888888827;Ahrenshoop;54.34869100;12.39626700
88888888828;Prerow;54.44393200;12.56520700
88888888829;Zingst;54.43571600;12.68880200
88888888831;Gingst;54.45677400;13.25621000
88888888832;Wiek auf Rügen;54.62231500;13.29193100
88888888833;Dranske;54.63071100;13.22957800
88888888834;Putgarten;54.67304400;13.41602300
88888888835;Breege (Juliusruh);54.62071700;13.37185500
88888888836;Glowe;54.56936200;13.47062600
88888888837;Lohme;54.58279900;13.61169200
88888888844;Garz;54.35495600;13.46692600
88888888845;Poseritz;54.29937400;13.27457800
88888888847;Gustow;54.30247600;13.21227600
88888888848;Lubmin;54.13456500;13.61759700
88888888851;Köthen;51.75057600;11.98023600
88888888852;Krakow am See;53.65028900;12.27071000
88888888853;Ballenstedt;51.72032100;11.23830700
88888888854;Bösewig;51.76141300;12.77865300
88888888856;Aken;51.85392000;12.04308100
90203541;Neuholland, Kirche;52.86242800;13.33180500
90203704;Hoppenrade (OHV);52.91724600;13.12754900
90203735;Menz, Schule;53.10982400;13.05831200
90203739;Neuglobsow;53.14796400;13.05373900
90203792;Schulzendorf (OHV), Kirche;53.03700300;13.05001400
90203796;Meseberg, Kirche;52.97220400;13.10246300
90205150;Fehrbellin;52.80206700;12.79174200
90205233;Binenwalde;53.05268200;12.79776800
90205428;Molchow;52.97804800;12.82934800
90210028;Groß Behnitz, Bahnhof;52.58525400;12.75766400
90210037;Barnewitz;52.56530400;12.61598300
90210040;Garlitz, Dorf;52.56459100;12.55876500
90210044;Bahnitz;52.492801;12.403296
90210050;Buschow, Bahnhof;52.59216000;12.62949900
90210178;Jerchel;52.488184;12.344563
90210190;Marquede;52.501627;12.329813
90210193;Milow (HVL);52.524138;12.311873
90210047;Böhne;52.559976;12.303145
90210053;Bützer;52.534566;12.299695
90210336;Stechow;52.62994800;12.45761800
90210410;Ribbeck (HVL);52.62442600;12.75205000
90210431;Senzke, Dorf;52.65679600;12.61324700
90210828;Steckelsdorf;52.594346;12.303287
90220183;Fohrde, Bahnhof;52.48393;12.463106
90340026;Templin, Bahnhof;53.11224100;13.49137700
90340244;Boitzenburg, Schule;53.26570100;13.60624700
90340330;Gramzow (UM), Bahnhof;53.21053700;14.00820700
90340455;Lychen, Schule;53.20402700;13.32163500
90341244;Vierraden, Mitte;53.09654100;14.29760200
9037105;Berlin, Gartenstadt Staaken;52.53964100;13.14958700
907104;S Nordbahnhof (Berlin);52.53167200;13.38879800
9074201;S Lichtenrade (Berlin);52.38903800;13.39559100
9084101;S Wilhelmsruh (Berlin);52.58138900;13.36293800
9092101;Berlin, Invalidensiedlung;52.65517200;13.28473600
9100002;S Hackescher Markt (Berlin);52.52260700;13.40235800
9100004;S+U Jannowitzbrücke (Berlin);52.51550000;13.41802700
9110011;S Bornholmer Str. (Berlin);52.55476300;13.39784100
9120003;S Ostkreuz Bhf (Berlin);52.50311300;13.46922100
9120004;S+U Warschauer Str. (Berlin);52.50576500;13.44915900
9160003;S Nöldnerplatz (Berlin);52.50344400;13.48429700
9176001;S Mahlsdorf Bhf (Berlin);52.51204100;13.61069300
9180001;S Köpenick (Berlin);52.45869200;13.57954300
9203442;Liebenwalde;52.87252400;13.37265600
9203730;Großwoltersdorf (OHV), Kirche;53.07018900;13.09489400
9203853;Zehdenick, Bahnhof;52.97959100;13.31776400
9205250;Breddin, Bahnhof;52.88606700;12.22424900
9205524;Rheinsberg, Bahnhof;53.09302900;12.90014700
9210050;Teltow, Bahnhof;52.38863300;13.29991700
9210318;Nennhausen, Bahnhof;52.59992100;12.50276200
9210423;Paulinenaue, Bahnhof;52.67580500;12.71246700
9210456;Friesack (Mark), Bahnhof;52.76048500;12.58786200
9210519;Ketzin (Havel), Schule;52.47999400;12.84691200
9210771;Rathenow, Bahnhof;52.59972000;12.35491500
9215017;Falkenhagen (PR), Gewerbepark Prignitz Bhf;53.21367500;12.21266600
9215110;Bad Wilsnack, Bahnhof;52.96013900;11.94945500
9215127;Bentwisch, Bahnhof;54.11341840;12.19213570
9215322;Glöwen, Bahnhof;52.90343600;12.08415300
9215325;Gnevsdorf, I;52.90998300;11.88107400
9215455;Karstädt (PR), Bahnhof;53.16052300;11.73839300
9215691;Parchim, Bahnhof;53.43046100;11.83114900
9215744;Pritzwalk, Hainholz Bhf;53.17006700;12.20595200
9219000;Plau am See, Bahnhof;53.46047900;12.25604200
9222107;Klein Marzehns;52.01551500;12.61016400
9230025;Potsdam, Glienicker Brücke;52.412541;13.085916
9320004;S Strausberg Bhf;52.53236400;13.83479300
9320011;Herrensee, Bahnhof;52.52985900;13.88716900
9320012;Rehfelde, Bahnhof;52.52843500;13.92269600
9320015;Obersdorf, Bahnhof;52.53687600;14.16736900
9320819;Buckow (Märkische Schweiz), Schule;52.57632500;14.07250000
9321100;Hohenwutzen, Dorf;52.84309800;14.11586300
9321302;Alt Rosenthal, Bahnhof;52.55031300;14.27822100
9321430;Golzow (MOL), Bahnhof;52.56258100;14.51156300
9321435;Gorgast, Bahnhof;52.56348400;14.54958200
9321442;Seelow-Gusow, Bahnhof;52.55906700;14.35032500
9321518;Küstrin-Kietz, Bahnhof;52.56847600;14.60758200
9321540;Letschin, Bahnhof;52.63276800;14.34758000
9321615;Neubleyen;52.59103900;14.60592500
9321679;Platkow, Dorf;52.58377900;14.32312000
9321780;Trebnitz, Bahnhof;52.53825800;14.21670500
9321810;Werbig (MOL), Bahnhof;52.56472900;14.40561400
9340033;Blumberg (UM), Mitte;53.20558500;14.15254500
9340035;Blumenhagen (UM), Mitte;53.11411400;14.29198800
9340170;Gartz, Busbahnhof;53.20762300;14.39279700
9340458;Inselstadt Malchow, Bahnhof;53.47342840;12.39856220
9340713;Werbelow, Dorf;53.45307700;13.87126700
9340898;Hohenfelde;53.13523100;14.27687600
9340918;Jamikow;53.16381100;14.17540400
9340944;Kummerow (UM), Mitte;53.15083900;14.20235300
9340946;Kunow (UM), Mitte;53.13819900;14.25769300
9340950;Luckow;53.24029000;14.21340900
9340956;Mescherin, Mitte;53.24747800;14.43155300
9341078;Schönfeld (bei Tantow), Mitte;53.27596200;14.29336500
9341193;Steinhöfel (UM), Mitte;53.09395000;13.87677900
9350811;Joachimsthal, Bahnhof;52.98021700;13.74908800
9446504;Werben (SPN), Alte Schule;51.81533500;14.18585500
9449003;Bad Muskau, Kirchplatz;51.54474900;14.72212200
9500351;Wismar, Bahnhof;53.89682000;11.46940900
9550076;Grabow (Mecklenburg), Bahnhof;53.28279400;11.56386200
9550130;Zittau, Bahnhof;50.90449400;14.80548800
9550135;Ludwigslust, Bahnhof;53.33469000;11.49447700
9550184;Kratzeburg, Bahnhof;53.42764300;12.94183800
9550187;Warenshof, Bahnhof;53.53085000;12.64563100
9550188;Schwenzin, Bahnhof;53.53620000;12.61179100
9550189;Jabel (Meckl), Bahnhof;53.54535900;12.54711500
9550190;Nossentin, Bahnhof;53.52157000;12.45183500
9550196;Spornitz, Bahnhof;53.41252200;11.71124100
9550198;Neustadt-Glewe, Bahnhof;53.37764200;11.59377500
9550202;Hagenow Land, Bahnhof;53.41243000;11.21324700
9550203;Hagenow, Bahnhof Stadt;53.42929600;11.18513300
9550207;Dorf Mecklenburg, Bahnhof;53.84267900;11.47155200
9550209;Moidentin, Bahnhof;53.80621000;11.48195300
9550211;Schwerin, Bahnhof Görries;53.60935100;11.38499200
9550212;Schwerin, Bahnhof Süd;53.57483400;11.37699400
9550213;Holthusen, Bahnhof;53.55582900;11.36480900
9550214;Sülstorf, Bahnhof;53.51436500;11.38776900
9550215;Rastow, Bahnhof;53.45737900;11.43116300
9550216;Lüblow(Meckl), Bahnhof;53.41836600;11.46025800
9559828;Schwerin-Wüstmark;53.58404500;11.39962700
9560104;Crivitz;53.57251400;11.64507800
9560106;Domsühl;53.48536800;11.76586900
9560110;Friedrichsruhe(Meck);53.52480200;11.73908400
9560117;Groß Brütz, Bahnhof;53.65308500;11.25144300
9560145;Lützow, Bahnhof;53.65597200;11.18042300
9560162;Plate(Meckl);53.55320100;11.50702800
9560187;Ruthenbeck;53.54524200;11.71117000
9560208;Sukow(b Schwerin);53.55478100;11.55956600
BRBG13852901;Liebenberg;52.89537100;13.25630100
BRBG6320118;Neuenhagen (b Berlin);52.52214800;13.67640800
BRBG718013166;Uhyst;51.36284500;14.50905600
BRBG8012621;Beeskow, Bahnhof;52.17766200;14.25082800
BRBG8012944;Schwedt Mitte, Bahnhof;53.06292920;14.29050390
BRBG9175001;S+U Wuhletal (Berlin);52.51272400;13.57453600
BRBG9183001;S Rahnsdorf (Berlin);52.45137100;13.69165500
BRBG9210281;Rhinow, Grundschule;52.75242600;12.34237400
BRBG9210344;Premnitz, Zentrum Bhf;52.52914700;12.34309300
BRBG9215553;Lenzen (Elbe);53.09902800;11.47848700
BRBG9220164;Treuenbrietzen, Bahnhof;52.09202200;12.85781600
BRBG9245112;Kolpien (Dahme), Dahmer Str.;51.82464500;13.45325300
BRBG9260012;Kablow, Bahnhof;52.30005200;13.72152800
BRBG9260651;Dolgenbrodt, Dorf;52.24334700;13.76710300
BRBG9260839;Märkisch Buchholz, Markt;52.10933600;13.76242700
BRBG9261458;Leibsch, Leibscher Hauptstr.;52.08138300;13.87563900
BRBG9310500;Schöneiche (bei Berlin);52.47671600;13.69920700
BRBG9310867;Hartmannsdorf (bei Storkow), Gemeinde;52.34899300;13.83146900
BRBG9311042;Steinfurt;52.37537100;13.77849100
BRBG9311068;Trebatsch;52.08359900;14.16808800
BRBG9321025;Bad Freienwalde, Bahnhof;52.78992500;14.03580500
BRBG9321168;Wriezen, Bahnhof;52.71588000;14.13988600
BRBG9350050;Friedrichswalde, Bahnhof;53.02981500;13.70305200
BRBG9350493;Niederfinow, Bahnhof;52.83077300;13.92854900
BRBG9350632;Oderberg;52.86673300;14.04539400
BRBG9416143;Schönewalde (bei Herzberg), Schule;51.81568200;13.22655200
BRBG9446322;Spremberg, Bahnhof;51.57472400;14.39667900
BRBG000001;Havelsee;52.49139760;12.45957980
BRBG000002;Burg (Spreewald);51.83172440;14.14812680
BRBG000003;Neustadt (Spree);51.48775150;14.45395010
BRBG000004;Kützkow;52.493170;12.450290
BRBG000005;Plaue;52.409670;12.417410
BRBG000006;Grütz;52.6614659;12.2796472
BRBG000007;Schollene;52.6717662;12.0960198
BRBG000008;Garz (HVL);52.7520223;12.19754
BRBG000009;Zippelsförde;52.99319646896154;12.900842394168468
BRBG000010;Lehnin;52.30870574208223;12.74698715093285
BRBG000011;Götz;52.411086296586156;12.72725214809745
BRBG000012;Wolfshagen (Prignitz);53.14585067992079;12.016100779408568
BRBG000013;Sewekow, (Dosse);53.23392278596303;12.637724932077363
BRBG000014;Kagel;52.44637406755886;13.904504137814383
BRBG000015;Neubrück (Spree);52.27062673727772;14.282148828905939
BRBG000016;Friedland;52.107648929248114;14.25716999024111
BRBG000017;Chossewitz;52.0888331579303;14.435175314477053
BRBG000018;Neuhausen (Spree);51.679809565538704;14.414908503457067
BRBG000019;Hosena Bahnhof;51.454991248857255;14.026042145405073
BRBG000020;Jänickendorf Bahnhof;52.06125891637587;13.228128507887039
BRBG000021;Dennewitz Bahnhof;51.96629672495414;13.007399165710657
BRBG000022;Altes Lager Bahnhof;52.00611083765;13.014530548900002
BRBG000023;Treuenbriezen;52.0920129702945;12.85628911260641
BRBG000024;Boßdorf;51.98912424759834;12.68448846550455
BRBG000025;Trebitz Bahnhof;52.17284043729578;12.729956575412277
BRBG000026;Feldberg Bahnhof;53.333574988893965;13.431579995141645
BRBG000027;Stolpe;52.987780912559415;14.122377736178294
BRBG000028;Sperenberg Bahnhof;52.13754875250963;13.36471954555843
BRBG000029;Stülpe;52.04671396473127;13.321399416492708
BRBG000030;Leipe;51.86569917795689;14.05511961265822
BRBG000031;Raddusch Bahnhof;51.81768578211724;14.04262913882999
BRBG000032;Striesow;51.82705887768874;14.28343230134768
BRBG000033;Schlepzig;52.029079870259395;13.897334781990883
BRBG000034;Groß Leuthen;52.044705273830054;14.047982605043703
BRBG000035;Alt-Schadow;52.117397892308766;13.935139641191991
BRBG000036;Krausnick;52.02800182657317;13.825947198785904
BRBG000037;Prierow;51.98208194061155;13.637263229133007
BRBG000038;Köthen;52.076683110106885;13.809320906442748
BRBG000039;Niewitz;51.93117195339717;13.782253170975544
BRBG000040;Rietzneuendorf;52.00934712566248;13.66516544799437
BRM00001;Bremen;53.07581960;8.80716460
BRM00002;Bremerhaven;53.55053920;8.58519450
HH0000001;Hamburg-Bergedorf, Bahnhof;53.49143450;10.21620710
HH888888811;Hamburg Hbf;53.55199840;10.00930300
MV0000001;Pieverstorf;53.45373860;12.95419440
MV0000002;Wesenberg, Bahnhof;53.28190980;12.96948040
MV0000003;Torgelow;53.63042320;14.01132840
MV0000004;Plau Silbermühle;53.42018080;12.25248820
MV0000005;Wendisch Priborn;53.34449050;12.28070650
MV0000006;Ganzlin;53.38870200;12.27069970
MV0000007;Hornstorf, Bahnhof;53.90575000;11.53109000
MV0000008;Kalsow, Bahnhof;53.92049000;11.58093000
MV0000009;Steinhausen-Neuburg, Bahnhof;53.94331000;11.60732000
MV0000010;Hagebök, Bahnhof;53.96064000;11.61086000
MV0000011;Teschow, Bahnhof;53.99395000;11.63720000
MV0000012;Neubukow, Bahnhof;54.03010700;11.67306000
MV0000013;Sandhagen (b. Bad Doberan), Bahnhof;54.05279000;11.74091000
MV0000014;Kröpelin, Bahnhof;54.07037100;11.79736700
MV0000015;Reddelich, Bahnhof;54.08524000;11.84953000
MV0000016;Bad Doberan, Bahnhof;54.10712000;11.90051000
MV0000017;Althof, Bahnhof;54.08677000;11.93171000
MV0000018;Parkentin, Bahnhof;54.08116000;11.97849000
MV0000019;Groß Schwaß, Bahnhof;54.08121000;12.05063000
MV0000020;Rostock Thierfelder Straße, Bahnhof;54.07786300;12.09990900
MV0000021;Roggentin, Bahnhof;54.07170660;12.20406720
MV0000022;Broderstorf, Bahnhof;54.08131800;12.26261380
MV0000023;Groß Lüsewitz, Bahnhof;54.08333000;12.31667000
MV0000024;Sanitz (b. Rostock), Bahnhof;54.07236740;12.37613260
MV0000025;Tessin West, Bahnhof;54.02658170;12.41194260
MV0000026;Tessin, Bahnhof;54.02764000;12.46519000
MV0000027;Lancken, Bahnhof;54.51803000;13.60788000
MV0000028;Sagard, Bahnhof;54.52556000;13.55387000
MV0000029;Lietzow (Rügen), Bahnhof;54.48096000;13.51000000
MV0000030;Bergen auf Rügen, Bahnhof;54.41823000;13.43349000
MV0000031;Teschenhagen, Bahnhof;54.25000000;13.11700000
MV0000032;Samtens, Bahnhof;54.35530700;13.28968240
MV0000033;Rambin (Rügen), Bahnhof;54.35343000;13.20781000
MV0000034;Altefähr, Bahnhof;54.33443000;13.15688000
MV0000035;Stralsund Rügendamm, Bahnhof;54.31497000;13.12596000
MV0000036;Stralsund-Grünhufe, Bahnhof;54.30399560;13.04272620
MV0000037;Martensdorf, Bahnhof;54.30080630;12.92700900
MV0000038;Velgast, Bahnhof;54.27215200;12.81037600
MV0000039;Buchenhorst, Bahnhof;54.26838920;12.71057920
MV0000040;Altenwillershagen, Bahnhof;54.25000000;12.56700000
MV0000041;Riebnitz-Damgarten Ost, Bahnhof;54.24220000;12.45666000
MV0000042;Riebnitz-Damgarten West, Bahnhof;54.23935200;12.43468040
MV0000043;Gelbensande, Bahnhof;54.22167110;12.31381600
MV0000044;Rövershagen, Bahnhof;54.17679230;12.21373700
MV0000045;Kenz, Bahnhof;54.33279090;12.75623030
MV0000046;Saatel, Bahnhof;54.30037090;12.76819530
MV0000047;Lauterbach Mole, Bahnhof;54.34208300;13.50252260
MV0000048;Beuchow, Bahnhof;54.36043030;13.50340420
MV0000049;Posewald, Bahnhof;54.36791210;13.52371170
MV0000050;Seelvitz, Bahnhof;54.36721400;13.55974140
MV0000051;Serams, Bahnhof;54.37024570;13.37857750
MV0000052;Jagdschloss, Bahnhof;54.38195140;13.62092180
MV0000053;Garftitz, Bahnhof;54.38195140;13.62092180
MV0000054;Sellin (Rügen) Ost;54.37901300;13.66692240
MV0000055;Philippshagen;54.35038100;13.70513300
MV0000056;Schwerin-Lankow, Bahnhof;53.64184390;11.35631170
MV0000057;Schwerin Margaretenhof, Bahnhof;53.66240790;11.35496660
MV0000058;Schwerin-Warnitz, Bahnhof;53.66198570;11.34183880
MV0000059;Prora Ost, Bahnhof;54.43913330;13.53959280
MV0000060;Prora, Bahnhof;54.44497110;13.56388590
MV0000061;Groß Quassow, Bahnhof;53.32542050;12.99853200
MV0000062;Weißer See, Bahnhof;53.27773150;12.93190440
MV0000063;Zirtow-Leussow, Bahnhof;53.27715890;12.90029960
MV0000064;Mirow, Bahnhof;53.27355000;12.81634800
MV0000065;Lauterbach (Rügen), Bahnhof;54.34521500;13.49856530
MV0000066;Blankensee (Meckl), Bahnhof;53.41090960;13.24242880
MV0000067;Rakow, Bahnhof;54.03325170;13.02568940
MV0000068;Schwanheide, Bahnhof;53.43943990;10.66562610
MV0000069;Boizenburg (Elbe), Bahnhof;53.39783540;10.73311930
MV0000070;Brahlstorf, Bahnhof;53.36233950;10.94809210
MV0000071;Prizier, Bahnhof;53.36660580;11.06774300
MV0000072;S Rostock Parkstraße;54.09029780;12.10507310
MV0000073;S Rostock Holbeinplatz;54.09313330;12.10192680
MV0000074;S Rostock-Bramow;54.09986360;12.09071330
MV0000075;S Rostock-Marienehe;54.10792420;12.08178440
MV0000076;S Rostock-Evershagen;54.11466110;12.06807150
MV0000077;S Rostock-Lütten Klein;54.13353400;12.06428270
MV0000078;S Rostock-Lichtenhagen;54.14851520;12.06729150
MV0000079;S Warnemünde Werft;54.16802510;12.06729150
MV0000080;Rostock-Kassebohm, Bahnhof;54.07943660;12.14627010
MV0000081;Mönchhagen, Bahnhof;54.13216630;12.21604270
MV0000082;S Rostock-Torfbrücke;54.19451200;12.11897810
MV161482;Neu Zauche, Cottbuser Str.;51.92066300;14.09784400
MV161502;Straupitz, Dorfplatz;51.91170600;14.12162600
MV161701;Alt Zauche, Denkmal;51.91783500;14.01545300
MV5523101;Friedrichsthal (UM), Mitte;53.15644470;14.34293200
MV5524301;Staffelde (UM), Mitte;53.26850800;14.43130900
MV888888823;Warnemünde;54.18067880;12.08083080
MV888888824;Graal-Müritz;54.24530380;12.23446780
MV888888830;Barth;54.36418500;12.72630900
MV888888838;Sassnitz;54.51591300;13.63319200
MV888888839;Binz;54.40221500;13.60602500
MV888888840;Sellin (Rügen) West;54.37901300;13.66692240
MV888888841;Baabe;54.35916500;13.70614700
MV888888842;Göhren;54.34159100;13.74090800
MV888888843;Putbus;54.35495600;13.46692600
MV888888844;Babke;53.3583502;12.7945412
MV888888845;Drosedow;53.2395769;12.9091677
MV888888846;Neu Canow;53.2240063;12.9215779
MV888888847;Strasen;53.2072599;12.9911025
MV888888848;Großmenow;53.1944817;13.029098
MV888888849;Himmelpfort;53.1751657;13.230956
MV888888850;Bredereiche;53.1379088;13.238819
MV888888851;Burgwall;53.0483235;13.2983854
MV888888852;Wieck auf dem Darß;54.40925010879813;12.580466764995462
MV888888853;Waase;54.463667652532465;13.182451917301197
MV888888854;Schaprode;54.51461884734675;13.168386317638374
MV888888855;Sassnitz Fährhafen;54.48633192411325;13.58635754627424
MV888888856;Dömitz;53.13745622724386;11.269537612732696
NDS000001;Bodenfelde;51.63869020;9.55917730
NDS000002;Bad Karlshafen;51.64255720;9.45022770
NDS000003;Beverungen;51.66765350;9.37590720
NDS000004;Porta Westfalica;52.23944310;8.92476200
NDS000006;Nienburg, Weser;52.64876020;9.25781050
NDS000007;Hoya;52.80650000;9.13957000
NDS000008;Verden;52.92234100;9.22815300
NDS000011;Banteln, Bahnhof;52.06404310;9.74562030
NDS000012;Freden (Leine), Bahnhof;51.93274720;9.78616820
NDS000013;Kreiensen, Bahnhof;51.85658350;9.95063050
NDS000014;Einbeck Salzderhelden, Bahnhof;51.79712250;9.90972940
NDS000015;Ahlten, Bahnhof;52.37970870;9.88060040
NDS000016;Hannover Anderten-Misburg, Bahnhof;52.35628410;9.85169290
NDS000017;Hannover Karl-Wiechert-Allee, Bahnhof;52.34950070;9.81594710
NDS000018;Hannover-Kleefeld, Bahnhof;52.34950070;9.81594710
NDS000019;Haste, Bahnhof;52.37754350;9.38683540
NDS000020;Hämelerwald, Bahnhof;52.35990100;10.11625940
NDS000022;Sottorf;53.41790160;9.89245590
NDS000023;Holm;53.26442840;9.88427390
NDS000024;Undeloh;53.20249150;9.92461080
NDS000025;Ilhorn;53.05708710;9.73173660
NDS000026;Dorfmark, Bahnhof;52.89872890;9.75245730
NDS000027;Düshorn;52.82916440;9.62298860
NDS000028;Hodenhagen, Bahnhof;52.76766700;9.57494460
NDS000029;Ahlden;52.75429590;9.48151160
NDS000031;Wulfelade;52.57188050;9.49711310
NDS000032;Neustadt am Rübenberge, Bahnhof;52.50292730;9.45919860
NDS000033;Schloss Ricklingen;52.42985900;9.49804080
NDS000034;Gronau (Leine);52.08536430;9.78041170
NDS000036;Hollenstedt;51.73772130;9.92502260
NDS000037;Obernjesa;51.43635560;9.84249180
NDS000038;Arenshausen, Bahnhof;51.37741990;9.96647330
NDS000039;Uder, Bahnhof;51.36388520;9.97208700
NDS000040;Heilbad Heiligenstadt, Bahnhof;51.37923100;10.13054020
NDS000041;Bodenrode, Bahnhof;51.38037890;10.19578310
NDS000042;Beuren, Bahnhof;51.37855990;10.27120100
NDS000043;Leinefelde, Bahnhof;51.38041570;10.34224270
NDS000110202;Hannover Hbf;52.37846070;9.74264040
NDS000110203;Braunschweig;52.26920000;10.52110000
NDS000110207;Göttingen Hbf;51.53652400;9.92453130
NDS000110209;Hildesheim Hbf;52.16062500;9.95130640
NDS000110215;Hameln;52.10310000;9.36000000
NDS000110216;Langenhagen Mitte;52.43940000;9.74000000
NDS000110220;Goslar;51.90600000;10.42920000
NDS000110221;Peine;52.32030000;10.23360000
NDS000110223;Cuxhaven;53.86670000;8.70000000
NDS000110227;Lehrte;52.37250000;9.97690000
NDS000110231;Wunstorf;52.42380000;9.43590000
NDS000110234;Buchholz in der Nordheide;53.32850000;9.86210000
NDS000110246;Achim;53.01300000;9.03300000
NDS000110251;Einbeck;51.81670000;9.86670000
NDS000110253;Northeim, Bahnhof;51.70670000;10.00110000
NDS000110254;Springe;52.21670000;9.55000000
NDS000110259;Rinteln;52.19060000;9.08140000
NDS000110263;Hannoversch Münden;51.41670000;9.65000000
NDS000110267;Sehnde;52.31610000;9.96420000
NDS000110272;Stadthagen;52.32470000;9.20690000
NDS000110279;Soltau, Bahnhof;52.98330000;9.83330000
NDS000110285;Holzminden;51.82970000;9.44830000
NDS000110287;Sarstedt;52.23940000;9.86060000
NDS000110290;Bückeburg;52.26080000;9.04920000
NDS000110291;Bad Pyrmont;51.98670000;9.26360000
NDS000110292;Alfeld, Bahnhof;51.98860000;9.82690000
NDS000110293;Schneverdingen, Bahnhof;53.11670000;9.80000000
NDS000110295;Hessisch Oldendorf;52.16670000;9.25000000
NDS000110297;Bad Münder am Deister;52.19920000;9.46530000
NDS000110298;Vechelde;52.26080000;10.37190000
NDS000110313;Brake;53.33330000;8.48330000
NDS000110330;Bovenden, Bahnhof;51.58970000;9.92220000
NDS000110335;Friedland (Han), Bahnhof;51.41670000;9.93330000
NDS000110349;Nordstemmen, Bahnhof;52.16050000;9.78390000
NDS000110354;Bad Fallingbostel, Bahnhof;52.86750000;9.69670000
NDS000110361;Harsum;52.20540000;9.96000000
NDS000110405;Elze (Han);52.11670000;9.73330000
NDS000110412;Neuenkirchen, Bahnhof;53.05096690;9.63366180
NDS000110415;Nörten-Hardenberg, Bahnhof;51.62880000;9.93590000
NDS000110419;Thedinghausen;52.96220000;9.02080000
NDS000110424;Algermissen;52.25440000;9.97110000
NDS000110448;Coppenbrügge;52.12030000;9.54930000
NDS000110479;Schwarmstedt, Bahnhof;52.68000000;9.62540000
NDS000110501;Kirchlengern;52.19860100;8.64273000
NDS000110502;Löhne (Westf);52.19017000;8.68867000
NDS000110503;Bad Oeynhausen Süd;52.20785100;8.80403000
NDS000110504;Vlotho;52.16648610;8.86191720
NDS000110505;Voldagsen;52.10307000;9.59082740
NDS000110506;Osterwald;52.10910750;9.62419060
NDS000110507;Emmerke;52.16664000;9.86898000
NDS000110508;Völksen;52.21604240;9.62537470
NDS000110509;Bennigsen;52.23765420;9.67134770
NDS000110510;Holtensen;52.26135380;9.64393640
NDS000110511;Weetzen;52.29321540;9.63636990
NDS000110512;Hannover-Linden;52.35334510;9.71737740
NDS000110513;Hannover Bismarkstr.;52.35591125;9.76624584
NDS000110514;Hannover-Nordstadt;52.39384380;9.71769690
NDS000110515;Hannover-Ledeburg;52.41126440;9.69371380
NDS000110516;Hannover-Vinnhorst;52.42381668;9.70560455
NDS000110517;Langenhagen Pferdemarkt;52.45079803;9.73566437
NDS000110518;Hannover Flughafen;52.45856010;9.69879880
NDS000110519;Emmerthal;52.04606610;9.38348870
NDS000110520;Lügde;51.95994550;9.24711280
NDS000110521;Schieder;51.91381730;9.15313550
NDS000110522;Altenbeken;51.76171450;8.94540040
NDS000110523;Paderborn;51.71895960;8.76486980
NDS000110524;Steinheim (Westf);51.86604780;9.09427670
NDS000110525;Leopoldstal;51.84920280;8.97154490
NDS000110526;Vinsebeck;51.84366530;9.03003180
NDS000110527;Eichholz;51.84236045;9.07756564
NDS000110528;Horn-Bad Meinberg;51.88140110;8.95407540
NDS000110529;Marienmünster;51.82142790;9.22668970
NDS000110530;Höxter;51.77473690;9.38168770
NDS000110531;Schnackenburg;53.037638334296766;11.564611380701699
NDS000110532;Hitzacker;53.14948662835904;11.04173847363417
NDS000110533;Neu Darchau;53.2284174792883;10.886603953585901
NRW000001;Soest;51.57255010;8.10612590
NRW000002;Bad Sassendorf;51.58585180;8.16924020
NRW000003;Erwitte;51.61431000;8.33966620
NRW000004;Bad Westernkotten;51.63166720;8.36046790
NRW000005;Lippstadt;51.67470740;8.34719400
NRW000006;Bad Waldliesborn;51.71009080;8.33717610
NRW000007;Langenberg;51.77551060;8.31594430
NRW000008;Rietberg;51.80636480;8.42604330
NRW000009;Rheda-Wiedenbrück;51.84282020;8.29856150
NRW000010;Herzebrock-Clarholz;51.88360977;8.24420643
NRW000011;Gütersloh;51.90639970;8.37820780
NRW000012;Harsewinkel;51.96171530;8.22524250
NRW000013;Steinhagen;52.00413527;8.41302930
NRW000014;Bielefeld;52.01910050;8.53100700
NRW000015;Leopoldshöhe;52.01252390;8.69874310
NRW000017;Lemgo;52.02806740;8.90128940
NRW000020;Blomberg;51.94243130;9.09190130
NRW000023;Herford, Bahnhof;52.11044380;8.64728850
NRW000024;Minden, Bahnhof;52.29236870;8.92354400
SH0000001;Schwarzenbek, Bahnhof;53.52346160;10.39640460
SH0000002;Müssen, Bahnhof;53.49189130;10.52900290
SH0000003;Büchen, Bahnhof;53.47936340;10.61206030
SXN0000001;Hartau;50.86268070;14.81965580
SXN0000002;Bautzen;51.18139070;14.42757350
SXN0000003;Rodewitz;51.17086200;14.58602220
SXN0000004;Schirgiswalde;51.07793140;14.42827980
SXN0000005;Taubenheim;51.04303360;14.48402691
SXN0000006;Wölkau;51.497423606076545;12.496721409744596
SXN0000007;Schöna;50.88966940449572;14.195635471401653
SXN0000008;Heidenau;50.975591582628745;13.871857070905294
SXN0000009;Belgern;51.48458441490302;13.131478807885198
SXN0000010;Riesa;51.31406362993035;13.269697473527996
SXN0000011;Pretsch, Bahnhof;51.71573765755174;12.825945540767123
SXN0000012;Neugersdorf;50.97724218880146;14.610114529526188
SXN0000013;Ebersbach;51.004774455309466;14.557145770522816
SXN0000014;Neusalza-Spremberg;51.038445105814525;14.531360976887685
SXN0000015;Niederoderwitz;50.9526710074389;14.725933791984001
ST000001;Pratau Bahnhof;51.84361882434902;12.63471311767294
ST000002;Bergwitz Bahnhof;51.80403659937719;12.577545183155502
ST000003;Kemberg;51.77138809084781;12.634312408807123
ST000004;Bad Düben Bahnhof;51.59443077458896;12.589353447875903